date,time,abbreviation_canton,tests_performed,total_positive_cases,total_hospitalized,intensive_care,ncumul_vent,released,deaths,source,ncumul_ICF,ncumul_ICU_intub,ncumul_deceased_suspect,pos_tests_1,recovered,lat,long,name_canton,number_canton,total_currently_positive_per_100k
2020-03-18,17:00,FR,30,11,,,,,1,https://www.fr.ch/de/sr/gesundheit/covid-19/covid-19-im-kanton-freiburg-ist-ein-erster-todesfall-zu-beklagen,,,,,,46.718391,7.074008,Fribourg,10,3.49
2020-03-23,18:00,FL,99,51,,,,,,https://www.regierung.li/media/attachments/140-corona-regierung-0323.pdf?t=637205847493377066,,,,,,47.166667,9.509722,Fürstentum Lichtenstein,00,132.12
2020-03-23,00:00,SG,,200,,,,,1,https://www.sg.ch/tools/informationen-coronavirus.html,,,,,,47.1832,9.274744,St. Gallen,17,39.63
2020-03-23,00:00,VD,,2162,223,41,,91,17,https://www.vd.ch/toutes-les-actualites/hotline-et-informations-sur-le-coronavirus/,,,,,,46.570091,6.557809000000001,Vaud,22,272.6
2020-03-24,15:00,AG,,266,24,2,2.0,,2,https://www.ag.ch/media/kanton_aargau/themen_1/coronavirus_1/lagebulletins/200324_KFS_Coronavirus_Lagebulletin_18.pdf,,,,,,47.40966,8.15688,Aargau,01,39.64
2020-03-24,17:00,AI,,8,1,,,,,https://www.ai.ch/themen/gesundheit-alter-und-soziales/gesundheitsfoerderung-und-praevention/uebertragbare-krankheiten/coronavirus,,,,,,47.317264,9.416754,Appenzell Innerrhoden,16,49.69
2020-03-24,10:00,AR,,33,6,,,,2,https://www.ar.ch/verwaltung/departement-gesundheit-und-soziales/amt-fuer-gesundheit/informationsseite-coronavirus/,,,,,,47.416351999999996,9.36791,Appenzell Ausserrhoden,15,59.78
2020-03-24,15:30,BL,,306,,,,,4,https://www.baselland.ch/politik-und-behorden/direktionen/volkswirtschafts-und-gesundheitsdirektion/amt-fur-gesundheit/medizinische-dienste/kantonsarztlicher-dienst/aktuelles/covid-19-faelle-kanton-basel-landschaft,,,,,,47.45176,7.702414,Basel-Landschaft,13,106.62
2020-03-24,12:00,GE,,1510,238,41,176.0,,12,https://www.ge.ch/document/covid-19-situation-epidemiologique-geneve/telecharger,21.0,41.0,,,,46.220528,6.132935,Genève,25,304.93
2020-03-24,13:30,GL,,33,3,,,,,https://www.gl.ch/verwaltung/finanzen-und-gesundheit/gesundheit/coronavirus.html/4817#Fallzahlen,,,,,,46.931042000000005,9.065751,Glarus,08,81.89
2020-03-24,17:00,JU,,66,2,3,,,,https://www.jura.ch/fr/Autorites/Coronavirus/Accueil/Coronavirus-Informations-officielles-a-la-population-jurassienne.html,,,,,,47.350744,7.156107,Jura,26,90.04
2020-03-24,15:00,NE,,230,,,,,2,https://www.ne.ch/autorites/DFS/SCSP/medecin-cantonal/maladies-vaccinations/Pages/Coronavirus.aspx,,,,,,46.995534,6.780126,Neuchatel,24,129.21
2020-03-24,15:15,NW,,42,,,,,,https://www.nw.ch/gesundheitsamtdienste/6044,,,,,,46.926755,8.405302,Nidwalden,07,97.67
2020-03-24,00:00,OW,6,25,,,,,,https://www.ow.ch/de/verwaltung/dienstleistungen/?dienst_id=5962,,,,,,46.804527,8.144317000000001,Obwalden,06,66.49
2020-03-24,08:00,TI,,1211,285,50,,,53,https://www4.ti.ch/area-media/comunicati/dettaglio-comunicato/?NEWS_ID=187520&tx_tichareamedia_comunicazioni%5Baction%5D=show&tx_tichareamedia_comunicazioni%5Bcontroller%5D=Comunicazioni&cHash=4d581f57e92de04937175bab9e5b0f14,,48.0,,68.0,,46.295617,8.808924,Ticino,21,342.38
2020-03-24,12:00,UR,85,25,1,,,1,,https://www.ur.ch/themen/2920,,,,,,46.771849,8.628586,Uri,04,68.87
2020-03-24,00:00,VS,,544,4,,,,13,https://www.vs.ch/de/web/coronavirus,,,,,,46.209567,7.604659,Valais,23,159.3
2020-03-25,00:00,BE,,624,,,,,6,https://www.besondere-lage.sites.be.ch/besondere-lage_sites/de/index/corona/index.html,,,,,,46.823608,7.636667,Bern,02,60.52
2020-03-25,10:00,BS,235,466,58,,,128,8,https://www.coronavirus.bs.ch/nm/2020-tagesbulletin-coronavirus-466-bestaetigte-faelle-im-kanton-basel-stadt-gd.html,,,,,,47.564869,7.615259,Basel-Stadt,12,240.33
2020-03-25,00:00,GR,,322,29,,,,6,https://www.gr.ch/DE/institutionen/verwaltung/djsg/ga/coronavirus/info/Seiten/Start.aspx,,,,,,46.656248,9.628198,Graubünden,01,162.71
2020-03-25,11:00,LU,,228,,,,,2,https://gesundheit.lu.ch/themen/Humanmedizin/Infektionskrankheiten/Coronavirus,,,,,,47.067763,8.1102,Luzern,03,56.09
2020-03-25,08:00,SH,,34,,,,,,https://sh.ch/CMS/Webseite/Kanton-Schaffhausen/Beh-rde/Verwaltung/Departement-des-Innern/Gesundheitsamt-3209198-DE.html,,,,,,47.71357,8.59167,Schaffhausen,14,41.77
2020-03-25,00:00,SO,,129,,,,,1,https://corona.so.ch/,,,,,,47.304135,7.639388,Solothurn,11,47.53
2020-03-25,00:00,SZ,1,99,1,,,10,,https://www.sz.ch/behoerden/information-medien/medienmitteilungen/coronavirus.html/72-416-412-1379-6948,,,,,,47.061787,8.756585,Schwyz,05,62.94
2020-03-25,00:00,TG,276,96,,,,,1,https://www.tg.ch/news/fachdossier-coronavirus.html/10552,,,,,,47.568715,9.091957,Thurgau,01,35.06
2020-03-25,08:00,ZG,,80,1,,,18,,https://www.zg.ch/behoerden/gesundheitsdirektion/amt-fuer-gesundheit/corona,,,,,,47.157296,8.537294,Zug,09,63.8
2020-03-25,9:30,ZH,855,1363,,,,,7,https://gd.zh.ch/internet/gesundheitsdirektion/de/themen/coronavirus.html#title-content-internet-gesundheitsdirektion-de-themen-coronavirus-jcr-content-contentPar-textimage_7,,,,59.0,11,47.41275,8.65508,Zürich,01,90.61
