last_update,timestamp,country,abbreviation_canton,name_canton,number_canton,lat,long,tests_performed,total_currently_positive_cases,total_positive_cases,new_positive_cases,total_hospitalized,intensive_care,released,recovered,deaths,pos_tests_1,ncumul_ICU_intub,ncumul_vent,ncumul_ICF,source,ncumul_deceased_suspect
2020-03-25 04:07:51,2020-03-24 15:00,CH,AG,Aargau,01,47.40966,8.15688,,266,266,0,24,2,,,2,,,2,,https://www.ag.ch/media/kanton_aargau/themen_1/coronavirus_1/lagebulletins/200324_KFS_Coronavirus_Lagebulletin_18.pdf,
2020-03-25 04:07:51,2020-03-24 10:00,CH,AI,Appenzell Innerrhoden,16,47.317264,9.416754,,8,8,0,1,,,,,,,,,https://www.ai.ch/themen/gesundheit-alter-und-soziales/gesundheitsfoerderung-und-praevention/uebertragbare-krankheiten/coronavirus,
2020-03-25 04:07:51,2020-03-24 10:00,CH,AR,Appenzell Ausserrhoden,15,47.416351999999996,9.36791,,33,33,0,6,,,,2,,,,,https://www.ar.ch/verwaltung/departement-gesundheit-und-soziales/amt-fuer-gesundheit/informationsseite-coronavirus/,
2020-03-25 04:07:51,2020-03-24 00:00,CH,BE,Bern,02,46.823608,7.636667,,532,532,0,,,,,6,,,,,https://www.besondere-lage.sites.be.ch/besondere-lage_sites/de/index/corona/index.html,
2020-03-25 04:07:51,2020-03-24 15:30,CH,BL,Basel-Landschaft,13,47.45176,7.702414,,306,306,0,,,,,4,,,,,https://www.baselland.ch/politik-und-behorden/direktionen/volkswirtschafts-und-gesundheitsdirektion/amt-fur-gesundheit/medizinische-dienste/kantonsarztlicher-dienst/aktuelles/covid-19-faelle-kanton-basel-landschaft,
2020-03-25 04:07:51,2020-03-24 09:00,CH,BS,Basel-Stadt,12,47.564869,7.615259,235,414,414,0,58,,105,,5,,,,,https://www.coronavirus.bs.ch/nm/2020-tagesbulletin-coronavirus-414-bestaetigte-faelle-im-kanton-basel-stadt-gd.html,
2020-03-25 04:07:51,2020-03-23 18:00,CH,FL,Fürstentum Lichtenstein,00,47.166667,9.509722,99,51,51,0,,,,,,,,,,https://www.regierung.li/media/attachments/140-corona-regierung-0323.pdf?t=637205847493377066,
2020-03-25 04:07:51,2020-03-18 17:00,CH,FR,Fribourg,10,46.718391,7.074008,30,11,11,0,,,,,1,,,,,https://www.fr.ch/de/sr/gesundheit/covid-19/covid-19-im-kanton-freiburg-ist-ein-erster-todesfall-zu-beklagen,
2020-03-25 04:07:51,2020-03-24 12:00,CH,GE,Genève,25,46.220528,6.132935,,1510,1510,0,238,41,,,12,,41,176,21,https://www.ge.ch/document/covid-19-situation-epidemiologique-geneve/telecharger,
2020-03-25 04:07:51,2020-03-24 13:30,CH,GL,Glarus,08,46.931042000000005,9.065751,,33,33,0,3,,,,,,,,,https://www.gl.ch/verwaltung/finanzen-und-gesundheit/gesundheit/coronavirus.html/4817#Fallzahlen,
2020-03-25 04:07:51,2020-03-24 00:00,CH,GR,Graubünden,01,46.656248,9.628198,,276,276,0,29,,,,6,,,,,https://www.gr.ch/DE/institutionen/verwaltung/djsg/ga/coronavirus/info/Seiten/Start.aspx,
2020-03-25 04:07:51,2020-03-24 17:00,CH,JU,Jura,26,47.350744,7.156107,,66,66,0,2,,,,,,,,,https://www.jura.ch/fr/Autorites/Coronavirus/Accueil/Coronavirus-Informations-officielles-a-la-population-jurassienne.html,
2020-03-25 04:07:51,2020-03-24 11:00,CH,LU,Luzern,03,47.067763,8.1102,,205,205,0,,,,,1,,,,,https://gesundheit.lu.ch/themen/Humanmedizin/Infektionskrankheiten/Coronavirus,
2020-03-25 04:07:51,2020-03-24 15:00,CH,NE,Neuchatel,24,46.995534,6.780126,,230,230,0,,,,,2,,,,,https://www.ne.ch/autorites/DFS/SCSP/medecin-cantonal/maladies-vaccinations/Pages/Coronavirus.aspx,
2020-03-25 04:07:51,2020-03-24 15:15,CH,NW,Nidwalden,07,46.926755,8.405302,,42,42,0,,,,,,,,,,https://www.nw.ch/gesundheitsamtdienste/6044,
2020-03-25 04:07:51,2020-03-24 00:00,CH,OW,Obwalden,06,46.804527,8.144317000000001,6,25,25,0,,,,,,,,,,https://www.ow.ch/de/verwaltung/dienstleistungen/?dienst_id=5962,
2020-03-25 04:07:51,2020-03-23 00:00,CH,SG,St. Gallen,17,47.1832,9.274744,,200,200,0,,,,,1,,,,,https://www.sg.ch/tools/informationen-coronavirus.html,
2020-03-25 04:07:51,2020-03-24 00:00,CH,SH,Schaffhausen,14,47.71357,8.59167,,32,32,0,,,,,,,,,,https://sh.ch/CMS/Webseite/Kanton-Schaffhausen/Beh-rde/Verwaltung/Departement-des-Innern/Gesundheitsamt-3209198-DE.html,
2020-03-25 04:07:51,2020-03-24 00:00,CH,SO,Solothurn,11,47.304135,7.639388,,104,104,0,,,,,1,,,,,https://corona.so.ch/,
2020-03-25 04:07:51,2020-03-15 00:00,CH,SZ,Schwyz,05,47.061787,8.756585,1,13,13,0,1,,,,,,,,,https://www.sz.ch/public/upload/assets/45590/MM_Coronavirus_15_3_2020.pdf,
2020-03-25 04:07:51,2020-03-24 00:00,CH,TG,Thurgau,01,47.568715,9.091957,276,87,87,0,,,,,,,,,,https://www.tg.ch/news/fachdossier-coronavirus.html/10552,
2020-03-25 04:07:51,2020-03-24 08:00,CH,TI,Ticino,21,46.295617,8.808924,,1211,1211,0,285,50,,,53,68,48,,,https://www4.ti.ch/area-media/comunicati/dettaglio-comunicato/?NEWS_ID=187520&tx_tichareamedia_comunicazioni%5Baction%5D=show&tx_tichareamedia_comunicazioni%5Bcontroller%5D=Comunicazioni&cHash=4d581f57e92de04937175bab9e5b0f14,
2020-03-25 04:07:51,2020-03-24 12:00,CH,UR,Uri,04,46.771849,8.628586,85,25,25,0,1,,1,,,,,,,https://www.ur.ch/themen/2920,
2020-03-25 04:07:51,2020-03-23 00:00,CH,VD,Vaud,22,46.570091,6.557809000000001,,2162,2162,0,223,41,91,,17,,,,,https://www.vd.ch/toutes-les-actualites/hotline-et-informations-sur-le-coronavirus/,
2020-03-25 04:07:51,2020-03-24 00:00,CH,VS,Valais,23,46.209567,7.604659,,544,544,0,4,,,,13,,,,,https://www.vs.ch/de/web/coronavirus,
2020-03-25 04:07:51,2020-03-24 08:00,CH,ZG,Zug,09,47.157296,8.537294,,72,72,0,1,,12,,,,,,,https://www.zg.ch/behoerden/gesundheitsdirektion/amt-fuer-gesundheit/corona,
2020-03-25 04:07:51,2020-03-24 9:30,CH,ZH,Zürich,01,47.41275,8.65508,855,1211,1211,0,,,,11,5,59,,,,https://gd.zh.ch/internet/gesundheitsdirektion/de/themen/coronavirus.html#title-content-internet-gesundheitsdirektion-de-themen-coronavirus-jcr-content-contentPar-textimage_7,
